{
    "arabica": [
        {
            "foto": "images/produk/product_capuchino.jpg",
            "nama": "Cappuccino Arabica",
            "size": "500 Gram",
            "harga": "200.000",
            "link": "https://www.google.com/search?q=cappuccino+arabica&tbm=shop"
        },
        {
            "foto": "images/produk/product_espresso.jpg",
            "nama": "Pahit Arabica",
            "size": "100 Gram",
            "harga": "100.000",
            "link": "https://www.google.com/search?q=pahit+arabica&tbm=shop"
        },
        {
            "foto": "images/produk/product_latte.jpg",
            "nama": "Latte Arabica",
            "size": "150 Gram",
            "harga": "150.000",
            "link": "https://www.google.com/search?q=latte+arabica&tbm=shop"
        }
    ],
    "robusta": [
        {
            "foto": "images/produk/product_kopi_susu.jpg",
            "nama": "Kopsus Robusta",
            "size": "100 Gram",
            "harga": "500.000",
            "link": "https://www.google.com/search?q=kopi+susu+robusta&tbm=shop"
        },
        {
            "foto": "images/produk/product_latte.jpg",
            "nama": "Latte Robusta",
            "size": "150 Gram",
            "harga": "150.000",
            "link": "https://www.google.com/search?q=latte+robusta&tbm=shop"
        },
        {
            "foto": "images/produk/product_latte.jpg",
            "nama": "Latte Robusta",
            "size": "150 Gram",
            "harga": "150.000",
            "link": "https://www.google.com/search?q=latte+robusta&tbm=shop"
        }
    ],
    "nonkopi": [
        {
            "foto": "https://aromarasa.com/wp-content/uploads/2021/04/cara-membuat-es-campur-spesial-enak-tanpa-ribet.jpg",
            "nama": "Es Campur",
            "size": "100 Gram",
            "harga": "500.000",
            "link": "https://www.google.com/search?q=es+campur&source=lmns&tbm=shop&bih=775&biw=1600&hl=id&sa=X&ved=2ahUKEwjR-dX1nq6AAxW-6DgGHdtNA5gQ0pQJKAN6BAgBEAg"
        },
        {
            "foto": "https://www.sasa.co.id/medias/page_medias/es_cendol_nangka.jpg",
            "nama": "Es Cendol",
            "size": "100 Gram",
            "harga": "500.000",
            "link": "https://www.google.com/search?q=es+campur&source=lmns&tbm=shop&bih=775&biw=1600&hl=id&sa=X&ved=2ahUKEwjR-dX1nq6AAxW-6DgGHdtNA5gQ0pQJKAN6BAgBEAg"
        }
    ]
}